email,question_assigned,boiler_code,test_cases
raghunandan.7221@gmail.com,Q109,"def sum_digits(n):
    pass

if __name__ == ""__main__"":
    num = int(input())
    result = sum_digits(num)
    print(result)","[{""input"": ""12345"", ""expected_output"": ""15""}, {""input"": ""999"", ""expected_output"": ""27""}, {""input"": ""0"", ""expected_output"": ""0""}, {""input"": ""1"", ""expected_output"": ""1""}, {""input"": ""12"", ""expected_output"": ""3""}]"
ch.en.u4aie22045@ch.students.amrita.edu,Q106,"def bubble_sort(lst):
    n = len(lst)
    for i in range(n):
        for j in range(0, n-i-1):
            if lst[j] > lst[j+1]:
                lst[j], lst[j+1] = lst[j+1], lst[j]
    return lst

if __name__ == ""__main__"":
    input_list = input()
    input_list = input_list.split()
    input_list = [int(item) for item in input_list]
    sorted_list = bubble_sort(input_list)
    print(*sorted_list)","[{""input"": ""5 1 4 2 8"", ""expected_output"": ""1 2 4 5 8""}, {""input"": ""5 4 3 2 1"", ""expected_output"": ""1 2 3 4 5""}, {""input"": ""1 2 3 4 5"", ""expected_output"": ""1 2 3 4 5""}, {""input"": ""5"", ""expected_output"": ""5""}, {""input"": ""-2 45 0 11 -9"", ""expected_output"": ""-9 -2 0 11 45""}]"
ch.en.u4aie22060@ch.students.amrita.edu,Q107,"import sys

def count_word_frequency(text):
    # Implement your solution here
    pass


def main():
    text = sys.stdin.read().strip()
    result = count_word_frequency(text)
    print(result)

if __name__ == ""__main__"":
    main()
","[{""input"": ""the quick brown fox jumps over the lazy dog"", ""expected_output"": ""{'the': 2, 'quick': 1, 'brown': 1, 'fox': 1, 'jumps': 1, 'over': 1, 'lazy': 1, 'dog': 1}""}, {""input"": ""hello world hello"", ""expected_output"": ""{'hello': 2, 'world': 1}""}, {""input"": ""this is a test test string"", ""expected_output"": ""{'this': 1, 'is': 1, 'a': 1, 'test': 2, 'string': 1}""}, {""input"": """", ""expected_output"": ""{}""}, {""input"": ""word"", ""expected_output"": ""{'word': 1}""}]"
ch.en.u4aie22070@ch.students.amrita.edu,Q103,"def fibonacci_sequence(n):
    # Your code here
    pass

if __name__ == ""__main__"":
    n = int(input())
    result = fibonacci_sequence(n)
    print(result)","[{""input"": ""5"", ""expected_output"": ""[0, 1, 1, 2, 3]""}, {""input"": ""1"", ""expected_output"": ""[0]""}, {""input"": ""0"", ""expected_output"": ""[]""}, {""input"": ""10"", ""expected_output"": ""[0, 1, 1, 2, 3, 5, 8, 13, 21, 34]""}]"
